Model,SacreBLEU,ROUGE-L,BERTScore-F1,Perplexity
GPT-2,0.019284864811777044,0.012015036786183476,0.8017753064632416,59.339115905761716
