Model,SacreBLEU,ROUGE-L,BERTScore-F1,Perplexity
T5,0.19554295304898056,0.02482781002616844,0.8240870356559753,
